"PartitionKey","RowKey","Timestamp","DeviceId","SensorId","Type","Unit","Value","ReceivedAtUtc"
"hivewatch-esp32-board2","202607111620488160622-420cd861cf6f4da9bb3739131faa0fff","2026-07-11T16:20:48.975439+00:00","hivewatch-esp32-board2","ds18b20-1","temperature","C","26.31","2026-07-11T16:20:48.816062+00:00"
"hivewatch-esp32-board2","202607111625517567891-3037d02110f7424c8825f4642eebfa65","2026-07-11T16:25:51.850836+00:00","hivewatch-esp32-board2","ds18b20-1","temperature","C","26.37","2026-07-11T16:25:51.756789+00:00"
"hivewatch-esp32-board2","202607111630525320406-fa3a600b803b457ba87853698b8a2252","2026-07-11T16:30:52.632886+00:00","hivewatch-esp32-board2","ds18b20-1","temperature","C","26.37","2026-07-11T16:30:52.532040+00:00"
"hivewatch-esp32-board2","202607111635533836346-5329f4b3d0ea49e7bcca360e50babbc7","2026-07-11T16:35:53.480976+00:00","hivewatch-esp32-board2","ds18b20-1","temperature","C","26.44","2026-07-11T16:35:53.383634+00:00"
"hivewatch-esp32-board2","202607111640529586313-0690097db7dc4ecebc35ed4d42ad0942","2026-07-11T16:40:53.058301+00:00","hivewatch-esp32-board2","ds18b20-1","temperature","C","26.44","2026-07-11T16:40:52.958631+00:00"
"hivewatch-esp32-board2","202607111645549550589-9211fb5832da4303b45321a9fd1b61a4","2026-07-11T16:45:55.057223+00:00","hivewatch-esp32-board2","ds18b20-1","temperature","C","26.44","2026-07-11T16:45:54.955058+00:00"
"hivewatch-esp32-board2","202607111650556486518-1bacc132589f4158939f3ed4ea066465","2026-07-11T16:50:55.747650+00:00","hivewatch-esp32-board2","ds18b20-1","temperature","C","26.37","2026-07-11T16:50:55.648651+00:00"
"hivewatch-esp32-board2","202607111655564196452-5dc7382cd1764bd08b8e23377066b93c","2026-07-11T16:55:56.520031+00:00","hivewatch-esp32-board2","ds18b20-1","temperature","C","26.37","2026-07-11T16:55:56.419645+00:00"
"hivewatch-esp32-board2","202607111700573475813-e164bc2cc7c34aadab6dc8e6154451ab","2026-07-11T17:00:57.444554+00:00","hivewatch-esp32-board2","ds18b20-1","temperature","C","26.25","2026-07-11T17:00:57.347581+00:00"
"hivewatch-esp32-board2","202607111705580702697-01d94f9dbba04bcfbc6c7db971d77f29","2026-07-11T17:05:58.192345+00:00","hivewatch-esp32-board2","ds18b20-1","temperature","C","26.19","2026-07-11T17:05:58.070269+00:00"
"hivewatch-esp32-board2","202607111710588259134-b6d57c3aff60465c9e98e6ce9b0aadc9","2026-07-11T17:10:58.932414+00:00","hivewatch-esp32-board2","ds18b20-1","temperature","C","26.12","2026-07-11T17:10:58.825913+00:00"
"hivewatch-esp32-board2","202607111715597246399-c877a29138b549f4b42741c5ea6fd2a3","2026-07-11T17:15:59.834931+00:00","hivewatch-esp32-board2","ds18b20-1","temperature","C","26.0","2026-07-11T17:15:59.724639+00:00"
"hivewatch-esp32-board2","202607111721006982625-1fae46e92ca84390892ec53b470a15e1","2026-07-11T17:21:00.794126+00:00","hivewatch-esp32-board2","ds18b20-1","temperature","C","26.0","2026-07-11T17:21:00.698262+00:00"
"hivewatch-esp32-board2","202607111726004860899-19b6411ec9ab4ec68cd1b27feeb810b0","2026-07-11T17:26:00.513614+00:00","hivewatch-esp32-board2","ds18b20-1","temperature","C","25.94","2026-07-11T17:26:00.486089+00:00"
"hivewatch-esp32-board2","202607111731023160418-4797401190ce40cbba3f4d307a56bdb2","2026-07-11T17:31:02.416067+00:00","hivewatch-esp32-board2","ds18b20-1","temperature","C","25.94","2026-07-11T17:31:02.316041+00:00"
"hivewatch-esp32-board2","202607111736031707142-aaa4aefb3928487eb363422a8b8cd316","2026-07-11T17:36:03.270620+00:00","hivewatch-esp32-board2","ds18b20-1","temperature","C","25.88","2026-07-11T17:36:03.170714+00:00"
"hivewatch-esp32-board2","202607111741039605658-e14e32bfa0444072bd0bf757c52b91a6","2026-07-11T17:41:04.062891+00:00","hivewatch-esp32-board2","ds18b20-1","temperature","C","25.88","2026-07-11T17:41:03.960565+00:00"
"hivewatch-esp32-board2","202607111746048609560-d9da8c1559664d0aaa7ccf215236c3c5","2026-07-11T17:46:04.956569+00:00","hivewatch-esp32-board2","ds18b20-1","temperature","C","25.81","2026-07-11T17:46:04.860956+00:00"
"hivewatch-esp32-board2","202607111751055230157-4e5f8607c8e04b188e99a35f000c1697","2026-07-11T17:51:05.620971+00:00","hivewatch-esp32-board2","ds18b20-1","temperature","C","25.81","2026-07-11T17:51:05.523015+00:00"
"hivewatch-esp32-board2","202607111756063740747-61a955ab8cfe4f02a70acbfa63ab4c8e","2026-07-11T17:56:06.471128+00:00","hivewatch-esp32-board2","ds18b20-1","temperature","C","25.75","2026-07-11T17:56:06.374074+00:00"
"hivewatch-esp32-board2","202607111801071107727-a4514e92309c44988ec08058a4d0d4ac","2026-07-11T18:01:07.215460+00:00","hivewatch-esp32-board2","ds18b20-1","temperature","C","25.75","2026-07-11T18:01:07.110772+00:00"
"hivewatch-esp32-board2","202607111806081006599-3858a269e15c498b9126510472cfe96c","2026-07-11T18:06:08.218098+00:00","hivewatch-esp32-board2","ds18b20-1","temperature","C","25.75","2026-07-11T18:06:08.100659+00:00"
"hivewatch-esp32-board2","202607111811078703436-1ef15ad9035c44c9b86fd4b0042d5908","2026-07-11T18:11:07.975727+00:00","hivewatch-esp32-board2","ds18b20-1","temperature","C","25.75","2026-07-11T18:11:07.870343+00:00"
"hivewatch-esp32-board2","202607111816074876773-582253e247844bef8c58377d3923fdea","2026-07-11T18:16:07.593374+00:00","hivewatch-esp32-board2","ds18b20-1","temperature","C","25.75","2026-07-11T18:16:07.487677+00:00"
"hivewatch-esp32-board2","202607111821094482822-2e38a8858fa14c22a0598a79d304d700","2026-07-11T18:21:09.545039+00:00","hivewatch-esp32-board2","ds18b20-1","temperature","C","25.75","2026-07-11T18:21:09.448282+00:00"
"hivewatch-esp32-board2","202607111826105160340-ad819db87dda455ca99d666c60eb875a","2026-07-11T18:26:10.626867+00:00","hivewatch-esp32-board2","ds18b20-1","temperature","C","25.75","2026-07-11T18:26:10.516034+00:00"
"hivewatch-esp32-board2","202607111831105379856-74fc862d60734f35b5d95250f28837ca","2026-07-11T18:31:10.633626+00:00","hivewatch-esp32-board2","ds18b20-1","temperature","C","25.75","2026-07-11T18:31:10.537985+00:00"
"hivewatch-esp32-board2","202607111836103950694-58f79919ca7c472a9257b78ef60db48a","2026-07-11T18:36:10.493493+00:00","hivewatch-esp32-board2","ds18b20-1","temperature","C","25.75","2026-07-11T18:36:10.395069+00:00"
"hivewatch-esp32-board2","202607111841112942866-d8dd12e960e548a7be51099b965cc9a7","2026-07-11T18:41:11.410820+00:00","hivewatch-esp32-board2","ds18b20-1","temperature","C","25.69","2026-07-11T18:41:11.294286+00:00"
"hivewatch-esp32-board2","202607111846119833325-5d3edf4a786d459b98f2e832c740f61b","2026-07-11T18:46:12.085367+00:00","hivewatch-esp32-board2","ds18b20-1","temperature","C","25.62","2026-07-11T18:46:11.983332+00:00"
"hivewatch-esp32-board2","202607111851129544701-d1cc03b92097457888d17ff608970399","2026-07-11T18:51:13.068236+00:00","hivewatch-esp32-board2","ds18b20-1","temperature","C","25.62","2026-07-11T18:51:12.954470+00:00"
"hivewatch-esp32-board2","202607111856139212096-fea52aee54b34c0fbf8b14b2cd9237b7","2026-07-11T18:56:14.029854+00:00","hivewatch-esp32-board2","ds18b20-1","temperature","C","25.62","2026-07-11T18:56:13.921209+00:00"
"hivewatch-esp32-board2","202607111901138543882-3e6ad4629c0b4e10a2c6997545e47d57","2026-07-11T19:01:13.955969+00:00","hivewatch-esp32-board2","ds18b20-1","temperature","C","25.56","2026-07-11T19:01:13.854388+00:00"
"hivewatch-esp32-board2","202607111906146765970-34d04b1fb9bd4d0aa0b5c9ce9d7db0cb","2026-07-11T19:06:14.784049+00:00","hivewatch-esp32-board2","ds18b20-1","temperature","C","25.56","2026-07-11T19:06:14.676597+00:00"
"hivewatch-esp32-board2","202607111911154472063-a37df13cbeed41c2afb979348fb6a463","2026-07-11T19:11:15.548478+00:00","hivewatch-esp32-board2","ds18b20-1","temperature","C","25.56","2026-07-11T19:11:15.447206+00:00"
"hivewatch-esp32-board2","202607111916161362002-d740380a23fc4ce29e7f51fa187b908d","2026-07-11T19:16:16.232209+00:00","hivewatch-esp32-board2","ds18b20-1","temperature","C","25.5","2026-07-11T19:16:16.136200+00:00"
"hivewatch-esp32-board2","202607111921169973914-3187097c2aa544839a7d72f28dbe9b37","2026-07-11T19:21:17.093376+00:00","hivewatch-esp32-board2","ds18b20-1","temperature","C","25.5","2026-07-11T19:21:16.997391+00:00"
"hivewatch-esp32-board2","202607111926165781974-13a6b2bae4e341c99b52003805059060","2026-07-11T19:26:16.696685+00:00","hivewatch-esp32-board2","ds18b20-1","temperature","C","25.44","2026-07-11T19:26:16.578197+00:00"
"hivewatch-esp32-board2","202607111931184096504-41d82a34a6174ac98df5a7c3a10d12c2","2026-07-11T19:31:18.512860+00:00","hivewatch-esp32-board2","ds18b20-1","temperature","C","25.44","2026-07-11T19:31:18.409650+00:00"
"hivewatch-esp32-board2","202607111936191369823-46105c21908649aab99df308e5516270","2026-07-11T19:36:19.244393+00:00","hivewatch-esp32-board2","ds18b20-1","temperature","C","25.5","2026-07-11T19:36:19.136982+00:00"
"hivewatch-esp32-board2","202607111941203994785-6ebc85f2e22f4030950730b8d52da875","2026-07-11T19:41:20.495415+00:00","hivewatch-esp32-board2","ds18b20-1","temperature","C","25.5","2026-07-11T19:41:20.399478+00:00"
"hivewatch-esp32-board2","202607111946201736111-4ed28fe41df149dbaa3ca9692cfb37d6","2026-07-11T19:46:20.276376+00:00","hivewatch-esp32-board2","ds18b20-1","temperature","C","25.5","2026-07-11T19:46:20.173611+00:00"
"hivewatch-esp32-board2","202607111951210994459-6848940a6a1b41c6bbf597062835d873","2026-07-11T19:51:21.203768+00:00","hivewatch-esp32-board2","ds18b20-1","temperature","C","25.5","2026-07-11T19:51:21.099445+00:00"
"hivewatch-esp32-board2","202607111956208440714-86cbd31e09e643709e27cb35270d1d67","2026-07-11T19:56:20.950666+00:00","hivewatch-esp32-board2","ds18b20-1","temperature","C","25.5","2026-07-11T19:56:20.844071+00:00"
"hivewatch-esp32-board2","202607112001226872221-fdf044199a5447b1bcd0bd3d66512581","2026-07-11T20:01:22.795687+00:00","hivewatch-esp32-board2","ds18b20-1","temperature","C","25.5","2026-07-11T20:01:22.687222+00:00"
"hivewatch-esp32-board2","202607112006235011726-99d1b40933374a6e91a1d868b9a7d453","2026-07-11T20:06:23.595357+00:00","hivewatch-esp32-board2","ds18b20-1","temperature","C","25.56","2026-07-11T20:06:23.501172+00:00"
"hivewatch-esp32-board2","202607112011242459966-34f11c2b798b4141868ab41131f6fa31","2026-07-11T20:11:24.353616+00:00","hivewatch-esp32-board2","ds18b20-1","temperature","C","25.56","2026-07-11T20:11:24.245996+00:00"
"hivewatch-esp32-board2","202607112016250938194-4cd69dc76e5b4b6aa3b20a5e63f36adf","2026-07-11T20:16:25.189218+00:00","hivewatch-esp32-board2","ds18b20-1","temperature","C","25.5","2026-07-11T20:16:25.093819+00:00"
"hivewatch-esp32-board2","202607112021259264674-936213d1624a49bcb52dd97f000056e9","2026-07-11T20:21:26.019947+00:00","hivewatch-esp32-board2","ds18b20-1","temperature","C","25.44","2026-07-11T20:21:25.926467+00:00"
"hivewatch-esp32-board2","202607112026267306977-23f5291908434a64a3d27b69b07061a8","2026-07-11T20:26:26.822792+00:00","hivewatch-esp32-board2","ds18b20-1","temperature","C","25.37","2026-07-11T20:26:26.730697+00:00"
"hivewatch-esp32-board2","202607112031275638177-0cb6cae2146248b7b7113f0cd7820328","2026-07-11T20:31:27.698287+00:00","hivewatch-esp32-board2","ds18b20-1","temperature","C","25.37","2026-07-11T20:31:27.563817+00:00"
"hivewatch-esp32-board2","202607112036283016583-5529857b89934dd0a8876afd4286974a","2026-07-11T20:36:28.404761+00:00","hivewatch-esp32-board2","ds18b20-1","temperature","C","25.31","2026-07-11T20:36:28.301658+00:00"
"hivewatch-esp32-board2","202607112041290599660-fe8920fb86c64a2b88dc35ce2b55326a","2026-07-11T20:41:29.157628+00:00","hivewatch-esp32-board2","ds18b20-1","temperature","C","25.31","2026-07-11T20:41:29.059966+00:00"
"hivewatch-esp32-board2","202607112046299365170-3f0cf2e10b624db082c73801d2247aa3","2026-07-11T20:46:30.058618+00:00","hivewatch-esp32-board2","ds18b20-1","temperature","C","25.19","2026-07-11T20:46:29.936517+00:00"
"hivewatch-esp32-board2","202607112051308970549-5ed4409399f14f7fbae00aa8b4e563e6","2026-07-11T20:51:31.013470+00:00","hivewatch-esp32-board2","ds18b20-1","temperature","C","25.06","2026-07-11T20:51:30.897054+00:00"
"hivewatch-esp32-board2","202607112056317342031-286a5fe1ce0a4c2bab0ed81e6c49eb73","2026-07-11T20:56:31.836189+00:00","hivewatch-esp32-board2","ds18b20-1","temperature","C","25.0","2026-07-11T20:56:31.734203+00:00"
"hivewatch-esp32-board2","202607112101326218927-8b67b0fdd9fd4cfda532c4ba6ca8c747","2026-07-11T21:01:32.740955+00:00","hivewatch-esp32-board2","ds18b20-1","temperature","C","24.94","2026-07-11T21:01:32.621892+00:00"
"hivewatch-esp32-board2","202607112106333418545-63812244234744198e86dccc0638f3c3","2026-07-11T21:06:33.443841+00:00","hivewatch-esp32-board2","ds18b20-1","temperature","C","24.87","2026-07-11T21:06:33.341854+00:00"
"hivewatch-esp32-board2","202607112111340888811-40541f857fdd48b2b4d41277cb7f4ed6","2026-07-11T21:11:34.192994+00:00","hivewatch-esp32-board2","ds18b20-1","temperature","C","24.81","2026-07-11T21:11:34.088881+00:00"
"hivewatch-esp32-board2","202607112116351871124-9787fb5d4b3149f5ab6258985f215afa","2026-07-11T21:16:35.314343+00:00","hivewatch-esp32-board2","ds18b20-1","temperature","C","24.81","2026-07-11T21:16:35.187112+00:00"
"hivewatch-esp32-board2","202607112121350399357-9d6c91e35d2345feae84ff5c97890022","2026-07-11T21:21:35.136000+00:00","hivewatch-esp32-board2","ds18b20-1","temperature","C","24.81","2026-07-11T21:21:35.039935+00:00"
"hivewatch-esp32-board2","202607112126358872051-2634dabe7fef4af5b719dd3af6be68b9","2026-07-11T21:26:35.987516+00:00","hivewatch-esp32-board2","ds18b20-1","temperature","C","24.87","2026-07-11T21:26:35.887205+00:00"
"hivewatch-esp32-board2","202607112131367281186-b4c8b9e8947e42459ccfc37b4aefeb15","2026-07-11T21:31:36.831054+00:00","hivewatch-esp32-board2","ds18b20-1","temperature","C","24.87","2026-07-11T21:31:36.728118+00:00"
"hivewatch-esp32-board2","202607112136374993359-241fd7cc3bd647a4b1a894ac90c42d3a","2026-07-11T21:36:37.595166+00:00","hivewatch-esp32-board2","ds18b20-1","temperature","C","24.87","2026-07-11T21:36:37.499335+00:00"
"hivewatch-esp32-board2","202607112141381854489-f7a49352d8b7435ea3708b7868132924","2026-07-11T21:41:38.288264+00:00","hivewatch-esp32-board2","ds18b20-1","temperature","C","24.81","2026-07-11T21:41:38.185448+00:00"
"hivewatch-esp32-board2","202607112146391675161-37a6dfe41bd547b19c8aa39978499461","2026-07-11T21:46:39.276885+00:00","hivewatch-esp32-board2","ds18b20-1","temperature","C","24.81","2026-07-11T21:46:39.167516+00:00"
"hivewatch-esp32-board2","202607112151399075740-ca20286a5eea4e58a20c7d61f5478436","2026-07-11T21:51:40.026053+00:00","hivewatch-esp32-board2","ds18b20-1","temperature","C","24.75","2026-07-11T21:51:39.907574+00:00"
"hivewatch-esp32-board2","202607112156408928776-123cdfc5824f4b2ca65e69e939296aed","2026-07-11T21:56:40.994467+00:00","hivewatch-esp32-board2","ds18b20-1","temperature","C","24.69","2026-07-11T21:56:40.892877+00:00"
"hivewatch-esp32-board2","202607112201415814402-4b9cf2fca09247f4855f74b04e95326d","2026-07-11T22:01:41.688853+00:00","hivewatch-esp32-board2","ds18b20-1","temperature","C","24.69","2026-07-11T22:01:41.581440+00:00"
"hivewatch-esp32-board2","202607112206425099941-83b3cec35d6b400390c2de36b83f847b","2026-07-11T22:06:42.621549+00:00","hivewatch-esp32-board2","ds18b20-1","temperature","C","24.63","2026-07-11T22:06:42.509994+00:00"
"hivewatch-esp32-board2","202607112211434754315-4cf4ea51b2654f81902bf804d6968cc1","2026-07-11T22:11:43.587084+00:00","hivewatch-esp32-board2","ds18b20-1","temperature","C","24.56","2026-07-11T22:11:43.475431+00:00"
"hivewatch-esp32-board2","202607112216444527590-280d8522e3cb42fe9742e2c5df3b03f9","2026-07-11T22:16:44.562471+00:00","hivewatch-esp32-board2","ds18b20-1","temperature","C","24.56","2026-07-11T22:16:44.452759+00:00"
"hivewatch-esp32-board2","202607112221454024539-955809b7dce04e809f0825f60572c383","2026-07-11T22:21:45.507213+00:00","hivewatch-esp32-board2","ds18b20-1","temperature","C","24.69","2026-07-11T22:21:45.402453+00:00"
"hivewatch-esp32-board2","202607112226462731954-9164a33626c24a7680085be7a3792878","2026-07-11T22:26:46.374044+00:00","hivewatch-esp32-board2","ds18b20-1","temperature","C","24.69","2026-07-11T22:26:46.273195+00:00"
"hivewatch-esp32-board2","202607112231475132033-64d33c753aea4d42868c10596a70183e","2026-07-11T22:31:47.626171+00:00","hivewatch-esp32-board2","ds18b20-1","temperature","C","24.69","2026-07-11T22:31:47.513203+00:00"
"hivewatch-esp32-board2","202607112236474280265-3fc19b740c664add9121ea3244666f58","2026-07-11T22:36:47.532889+00:00","hivewatch-esp32-board2","ds18b20-1","temperature","C","24.69","2026-07-11T22:36:47.428026+00:00"
"hivewatch-esp32-board2","202607112241486157305-3cd42466a6aa46fabec5b2c04f7415f5","2026-07-11T22:41:48.737925+00:00","hivewatch-esp32-board2","ds18b20-1","temperature","C","24.75","2026-07-11T22:41:48.615730+00:00"
"hivewatch-esp32-board2","202607112246488415752-cacfe737ec8448048bc8b4ce2303fcda","2026-07-11T22:46:48.975303+00:00","hivewatch-esp32-board2","ds18b20-1","temperature","C","24.75","2026-07-11T22:46:48.841575+00:00"
"hivewatch-esp32-board2","202607112251486988001-f6d4a1df91764edca4e77a4bf7b91f02","2026-07-11T22:51:48.778520+00:00","hivewatch-esp32-board2","ds18b20-1","temperature","C","24.69","2026-07-11T22:51:48.698800+00:00"
"hivewatch-esp32-board2","202607112256497075356-c3901564d8c247389dab0fbd539223a2","2026-07-11T22:56:49.812198+00:00","hivewatch-esp32-board2","ds18b20-1","temperature","C","24.75","2026-07-11T22:56:49.707535+00:00"
"hivewatch-esp32-board2","202607112301495662740-77acf6e534e145079b13ae39a326b30c","2026-07-11T23:01:49.664645+00:00","hivewatch-esp32-board2","ds18b20-1","temperature","C","24.69","2026-07-11T23:01:49.566274+00:00"
"hivewatch-esp32-board2","202607112306510544043-254862ecda9042e3853b68ca70bd17f2","2026-07-11T23:06:51.172406+00:00","hivewatch-esp32-board2","ds18b20-1","temperature","C","24.69","2026-07-11T23:06:51.054404+00:00"
"hivewatch-esp32-board2","202607112311510272483-e362992cc5294ac9829d474300a1ddc8","2026-07-11T23:11:51.138310+00:00","hivewatch-esp32-board2","ds18b20-1","temperature","C","24.75","2026-07-11T23:11:51.027248+00:00"
"hivewatch-esp32-board2","202607112316509817468-818041d8014247a6858484987d1c7baf","2026-07-11T23:16:51.079208+00:00","hivewatch-esp32-board2","ds18b20-1","temperature","C","24.75","2026-07-11T23:16:50.981746+00:00"
"hivewatch-esp32-board2","202607112321519308658-08a26cf4eca749d2bac5dd81ae7133a2","2026-07-11T23:21:52.039890+00:00","hivewatch-esp32-board2","ds18b20-1","temperature","C","24.69","2026-07-11T23:21:51.930865+00:00"
"hivewatch-esp32-board2","202607112326535215728-ead14656ced84535ba91f55363eb6a0d","2026-07-11T23:26:53.653709+00:00","hivewatch-esp32-board2","ds18b20-1","temperature","C","24.75","2026-07-11T23:26:53.521572+00:00"
"hivewatch-esp32-board2","202607112331534524970-08f9336678de4c0d8fba9c0c48dd32fa","2026-07-11T23:31:53.548060+00:00","hivewatch-esp32-board2","ds18b20-1","temperature","C","24.69","2026-07-11T23:31:53.452497+00:00"
"hivewatch-esp32-board2","202607112336545590386-2d9ad1bc57584828a5a377ba5636aedc","2026-07-11T23:36:54.659034+00:00","hivewatch-esp32-board2","ds18b20-1","temperature","C","24.69","2026-07-11T23:36:54.559038+00:00"
"hivewatch-esp32-board2","202607112341548668320-c9099861dd524baf8672c9371a49363f","2026-07-11T23:41:54.974767+00:00","hivewatch-esp32-board2","ds18b20-1","temperature","C","24.69","2026-07-11T23:41:54.866832+00:00"
"hivewatch-esp32-board2","202607112346550631792-642fe8cb124142eca269aec6a5229266","2026-07-11T23:46:55.175774+00:00","hivewatch-esp32-board2","ds18b20-1","temperature","C","24.69","2026-07-11T23:46:55.063179+00:00"
"hivewatch-esp32-board2","202607112351552720724-8095bae4325148b7886d761c855af291","2026-07-11T23:51:55.371256+00:00","hivewatch-esp32-board2","ds18b20-1","temperature","C","24.69","2026-07-11T23:51:55.272072+00:00"
"hivewatch-esp32-board2","202607112356551143372-9a4e0d8bea384a7f8ab64499d29d6579","2026-07-11T23:56:55.215903+00:00","hivewatch-esp32-board2","ds18b20-1","temperature","C","24.69","2026-07-11T23:56:55.114337+00:00"
"hivewatch-esp32-board2","202607120001559227191-d78ac345ed2149cfa6ac02a00a703bb4","2026-07-12T00:01:56.026455+00:00","hivewatch-esp32-board2","ds18b20-1","temperature","C","24.69","2026-07-12T00:01:55.922719+00:00"
"hivewatch-esp32-board2","202607120006567801074-e3a407bfc11c449d8244a101cc07aa5e","2026-07-12T00:06:56.877202+00:00","hivewatch-esp32-board2","ds18b20-1","temperature","C","24.63","2026-07-12T00:06:56.780107+00:00"
"hivewatch-esp32-board2","202607120011576280621-369c0d111b76477faa11f8b1063b0c8a","2026-07-12T00:11:57.727749+00:00","hivewatch-esp32-board2","ds18b20-1","temperature","C","24.63","2026-07-12T00:11:57.628062+00:00"
"hivewatch-esp32-board2","202607120016584655189-831ac896c33a4412be70d3b351de0306","2026-07-12T00:16:58.565675+00:00","hivewatch-esp32-board2","ds18b20-1","temperature","C","24.63","2026-07-12T00:16:58.465518+00:00"
"hivewatch-esp32-board2","202607120021598170401-cfdab1b5a73f4d97b39f7b4103dffe9b","2026-07-12T00:21:59.923943+00:00","hivewatch-esp32-board2","ds18b20-1","temperature","C","24.63","2026-07-12T00:21:59.817040+00:00"
"hivewatch-esp32-board2","202607120026595072856-158ac1ac396c4f3ba61bf44b3fa7277b","2026-07-12T00:26:59.603531+00:00","hivewatch-esp32-board2","ds18b20-1","temperature","C","24.63","2026-07-12T00:26:59.507285+00:00"
"hivewatch-esp32-board2","202607120032005515155-a1db12c090b246308c0ab2a1c3952be8","2026-07-12T00:32:00.642246+00:00","hivewatch-esp32-board2","ds18b20-1","temperature","C","24.56","2026-07-12T00:32:00.551515+00:00"
"hivewatch-esp32-board2","202607120037004746795-48b5a1afcfea45d792db906b5b232f36","2026-07-12T00:37:00.575822+00:00","hivewatch-esp32-board2","ds18b20-1","temperature","C","24.63","2026-07-12T00:37:00.474679+00:00"
"hivewatch-esp32-board2","202607120042007068751-2128d0f6b6bf4537945df4ea053254bd","2026-07-12T00:42:00.812059+00:00","hivewatch-esp32-board2","ds18b20-1","temperature","C","24.56","2026-07-12T00:42:00.706875+00:00"
"hivewatch-esp32-board2","202607120047015715793-1d02aec4b8de486f8320903fb9a37576","2026-07-12T00:47:01.672742+00:00","hivewatch-esp32-board2","ds18b20-1","temperature","C","24.56","2026-07-12T00:47:01.571579+00:00"
"hivewatch-esp32-board2","202607120052025517147-0a4b312faa1c40c6ae9896dea73417ce","2026-07-12T00:52:02.652182+00:00","hivewatch-esp32-board2","ds18b20-1","temperature","C","24.56","2026-07-12T00:52:02.551714+00:00"
"hivewatch-esp32-board2","202607120057036041970-3ec814d2f8744aaa9c317c594efc69d4","2026-07-12T00:57:03.696800+00:00","hivewatch-esp32-board2","ds18b20-1","temperature","C","24.56","2026-07-12T00:57:03.604197+00:00"
"hivewatch-esp32-board2","202607120102038464370-7ddc30a118cd46efa91d1392ac7a47ba","2026-07-12T01:02:03.964277+00:00","hivewatch-esp32-board2","ds18b20-1","temperature","C","24.56","2026-07-12T01:02:03.846437+00:00"
"hivewatch-esp32-board2","202607120107038899163-97e421fea5bf44a4adea87f8c43d3ff5","2026-07-12T01:07:03.987557+00:00","hivewatch-esp32-board2","ds18b20-1","temperature","C","24.56","2026-07-12T01:07:03.889916+00:00"
"hivewatch-esp32-board2","202607120112037824086-e127ba924b7e452189d82c5cfd1e5236","2026-07-12T01:12:03.899602+00:00","hivewatch-esp32-board2","ds18b20-1","temperature","C","24.5","2026-07-12T01:12:03.782408+00:00"
"hivewatch-esp32-board2","202607120117046720705-48d8e3a9531c41c8a04ca335db7c8d7a","2026-07-12T01:17:04.772016+00:00","hivewatch-esp32-board2","ds18b20-1","temperature","C","24.5","2026-07-12T01:17:04.672070+00:00"
"hivewatch-esp32-board2","202607120122061147467-7cb6b69a1b504e1a9ed6f58cf9ffe874","2026-07-12T01:22:06.223305+00:00","hivewatch-esp32-board2","ds18b20-1","temperature","C","24.5","2026-07-12T01:22:06.114746+00:00"
"hivewatch-esp32-board2","202607120127060398663-c8b91e5265ff4c0896eda4bccf1d216b","2026-07-12T01:27:06.151933+00:00","hivewatch-esp32-board2","ds18b20-1","temperature","C","24.5","2026-07-12T01:27:06.039866+00:00"
"hivewatch-esp32-board2","202607120132070096969-b91694cda02e4872889e939a34e399cf","2026-07-12T01:32:07.127157+00:00","hivewatch-esp32-board2","ds18b20-1","temperature","C","24.44","2026-07-12T01:32:07.009696+00:00"
"hivewatch-esp32-board2","202607120137077625241-a168ee84e1334adaaafb409a55a1598e","2026-07-12T01:37:07.861005+00:00","hivewatch-esp32-board2","ds18b20-1","temperature","C","24.44","2026-07-12T01:37:07.762524+00:00"
"hivewatch-esp32-board2","202607120142085657466-91266d0374db4e41b4719747beb0405a","2026-07-12T01:42:08.703152+00:00","hivewatch-esp32-board2","ds18b20-1","temperature","C","24.44","2026-07-12T01:42:08.565746+00:00"
"hivewatch-esp32-board2","202607120147095971562-5a4f12ee1cfb43b197f25d08c0625707","2026-07-12T01:47:09.701244+00:00","hivewatch-esp32-board2","ds18b20-1","temperature","C","24.44","2026-07-12T01:47:09.597156+00:00"
"hivewatch-esp32-board2","202607120152105224405-3df82d1b3da74e68b1c9d70ecf3dda51","2026-07-12T01:52:10.620114+00:00","hivewatch-esp32-board2","ds18b20-1","temperature","C","24.44","2026-07-12T01:52:10.522440+00:00"
"hivewatch-esp32-board2","202607120157115633843-b9c1497a81f84ddea0882c233cb52bb4","2026-07-12T01:57:11.673898+00:00","hivewatch-esp32-board2","ds18b20-1","temperature","C","24.37","2026-07-12T01:57:11.563384+00:00"
"hivewatch-esp32-board2","202607120202115166299-8bc30b4c1c4243a4844d53d9fb192053","2026-07-12T02:02:11.624153+00:00","hivewatch-esp32-board2","ds18b20-1","temperature","C","24.37","2026-07-12T02:02:11.516629+00:00"
"hivewatch-esp32-board2","202607120207126691094-297545554e354bcc9bc26f54dada8152","2026-07-12T02:07:12.772380+00:00","hivewatch-esp32-board2","ds18b20-1","temperature","C","24.37","2026-07-12T02:07:12.669109+00:00"
"hivewatch-esp32-board2","202607120212127211956-61bfe9602cb143149df5e847c57912e7","2026-07-12T02:12:12.819133+00:00","hivewatch-esp32-board2","ds18b20-1","temperature","C","24.37","2026-07-12T02:12:12.721195+00:00"
"hivewatch-esp32-board2","202607120217126550993-f2bafab7c2b349449bf8830782d3bfa4","2026-07-12T02:17:12.751225+00:00","hivewatch-esp32-board2","ds18b20-1","temperature","C","24.37","2026-07-12T02:17:12.655099+00:00"
"hivewatch-esp32-board2","202607120222136154476-68b83a1ee402443f8779fc84cb377803","2026-07-12T02:22:13.711198+00:00","hivewatch-esp32-board2","ds18b20-1","temperature","C","24.37","2026-07-12T02:22:13.615447+00:00"
"hivewatch-esp32-board2","202607120227147016902-b1326bef30844d718f89286447500c3a","2026-07-12T02:27:14.799259+00:00","hivewatch-esp32-board2","ds18b20-1","temperature","C","24.31","2026-07-12T02:27:14.701690+00:00"
"hivewatch-esp32-board2","202607120232147201491-4deedf736b4b49e7b6980c0d984dea94","2026-07-12T02:32:14.817218+00:00","hivewatch-esp32-board2","ds18b20-1","temperature","C","24.31","2026-07-12T02:32:14.720149+00:00"
"hivewatch-esp32-board2","202607120237152724845-8767fdfdf6c14189a00f7deb6150cb67","2026-07-12T02:37:15.374935+00:00","hivewatch-esp32-board2","ds18b20-1","temperature","C","24.31","2026-07-12T02:37:15.272484+00:00"
"hivewatch-esp32-board2","202607120242153383938-abd16c8dcfc140029dee2755da62bef9","2026-07-12T02:42:15.446139+00:00","hivewatch-esp32-board2","ds18b20-1","temperature","C","24.31","2026-07-12T02:42:15.338393+00:00"
"hivewatch-esp32-board2","202607120247153430608-01424a04c14b40c2bb37b772c8c581a0","2026-07-12T02:47:15.438396+00:00","hivewatch-esp32-board2","ds18b20-1","temperature","C","24.25","2026-07-12T02:47:15.343060+00:00"
"hivewatch-esp32-board2","202607120252168914062-37b8b897027e452ba70d864de1e59ef3","2026-07-12T02:52:16.996204+00:00","hivewatch-esp32-board2","ds18b20-1","temperature","C","24.31","2026-07-12T02:52:16.891406+00:00"
"hivewatch-esp32-board2","202607120257168831479-955efa55ba144787bdd059d4a3ddb232","2026-07-12T02:57:16.983359+00:00","hivewatch-esp32-board2","ds18b20-1","temperature","C","24.25","2026-07-12T02:57:16.883147+00:00"
"hivewatch-esp32-board2","202607120302178972671-6c32fa1a2bff40c6bd5c59e3b811e8b2","2026-07-12T03:02:17.993860+00:00","hivewatch-esp32-board2","ds18b20-1","temperature","C","24.25","2026-07-12T03:02:17.897267+00:00"
"hivewatch-esp32-board2","202607120307179817085-797059e410fc4cfc9bc1e120f42d9e6f","2026-07-12T03:07:18.091551+00:00","hivewatch-esp32-board2","ds18b20-1","temperature","C","24.25","2026-07-12T03:07:17.981708+00:00"
"hivewatch-esp32-board2","202607120312178509371-a18ba51f30c34b0281fad1c42e857ce2","2026-07-12T03:12:17.953460+00:00","hivewatch-esp32-board2","ds18b20-1","temperature","C","24.25","2026-07-12T03:12:17.850937+00:00"
"hivewatch-esp32-board2","202607120317189063601-6786632c787f459eb93046333e58b63d","2026-07-12T03:17:19.006889+00:00","hivewatch-esp32-board2","ds18b20-1","temperature","C","24.25","2026-07-12T03:17:18.906360+00:00"
"hivewatch-esp32-board2","202607120322187984621-5f8f30ccc442498c863a320348a57f68","2026-07-12T03:22:18.899417+00:00","hivewatch-esp32-board2","ds18b20-1","temperature","C","24.19","2026-07-12T03:22:18.798462+00:00"
"hivewatch-esp32-board2","202607120327196745058-2585f7e84036440082d834630d58e0e7","2026-07-12T03:27:19.774864+00:00","hivewatch-esp32-board2","ds18b20-1","temperature","C","24.19","2026-07-12T03:27:19.674505+00:00"
"hivewatch-esp32-board2","202607120332208545579-b27f5ce884e34088941b881362de83da","2026-07-12T03:32:20.967913+00:00","hivewatch-esp32-board2","ds18b20-1","temperature","C","24.19","2026-07-12T03:32:20.854557+00:00"
"hivewatch-esp32-board2","202607120337207916519-4bca89b967124e2199ea08a964c785de","2026-07-12T03:37:20.894248+00:00","hivewatch-esp32-board2","ds18b20-1","temperature","C","24.19","2026-07-12T03:37:20.791651+00:00"
"hivewatch-esp32-board2","202607120342217465738-d0d41d709b5e4cebba23a8a5c3854aac","2026-07-12T03:42:21.846121+00:00","hivewatch-esp32-board2","ds18b20-1","temperature","C","24.12","2026-07-12T03:42:21.746573+00:00"
"hivewatch-esp32-board2","202607120347229603220-ba63ce964d534cc3bec84e191d269ced","2026-07-12T03:47:23.078852+00:00","hivewatch-esp32-board2","ds18b20-1","temperature","C","24.12","2026-07-12T03:47:22.960322+00:00"
"hivewatch-esp32-board2","202607120352229949787-4201897869144fd6b92f6543a83cb458","2026-07-12T03:52:23.097883+00:00","hivewatch-esp32-board2","ds18b20-1","temperature","C","24.12","2026-07-12T03:52:22.994978+00:00"
"hivewatch-esp32-board2","202607120357227901730-0815c212bb224235b71c9516b1826424","2026-07-12T03:57:22.882069+00:00","hivewatch-esp32-board2","ds18b20-1","temperature","C","24.12","2026-07-12T03:57:22.790173+00:00"
"hivewatch-esp32-board2","202607120402238936891-133faf2aa80143eb9efa457d4c6f3be6","2026-07-12T04:02:24.001441+00:00","hivewatch-esp32-board2","ds18b20-1","temperature","C","24.12","2026-07-12T04:02:23.893689+00:00"
"hivewatch-esp32-board2","202607120407238081669-d0346b2f92574b2b867dd65bdd284f72","2026-07-12T04:07:23.913133+00:00","hivewatch-esp32-board2","ds18b20-1","temperature","C","24.12","2026-07-12T04:07:23.808166+00:00"
"hivewatch-esp32-board2","202607120412249476647-8257686a4187411e8fffeb06185ac953","2026-07-12T04:12:25.054792+00:00","hivewatch-esp32-board2","ds18b20-1","temperature","C","24.06","2026-07-12T04:12:24.947664+00:00"
"hivewatch-esp32-board2","202607120417248164165-d5685a4e4c10415dbbd13005b9108281","2026-07-12T04:17:24.911215+00:00","hivewatch-esp32-board2","ds18b20-1","temperature","C","24.06","2026-07-12T04:17:24.816416+00:00"
"hivewatch-esp32-board2","202607120422256860152-c8fdd0fe051d46a0a09fd32c279d986b","2026-07-12T04:22:25.791677+00:00","hivewatch-esp32-board2","ds18b20-1","temperature","C","24.06","2026-07-12T04:22:25.686015+00:00"
"hivewatch-esp32-board2","202607120427265729275-6c47afb7b3e247db9e23d48abb82b87c","2026-07-12T04:27:26.669162+00:00","hivewatch-esp32-board2","ds18b20-1","temperature","C","24.06","2026-07-12T04:27:26.572927+00:00"
"hivewatch-esp32-board2","202607120432273602485-7f0e9b51a137473ab421192e0ef215d2","2026-07-12T04:32:27.458528+00:00","hivewatch-esp32-board2","ds18b20-1","temperature","C","24.0","2026-07-12T04:32:27.360248+00:00"
"hivewatch-esp32-board2","202607120437283760178-356b5b283a4542eaa536f0bbc7ac8faa","2026-07-12T04:37:28.467334+00:00","hivewatch-esp32-board2","ds18b20-1","temperature","C","24.06","2026-07-12T04:37:28.376017+00:00"
"hivewatch-esp32-board2","202607120442297132140-cdfc2f64491d402faff873b576bf9e14","2026-07-12T04:42:29.825776+00:00","hivewatch-esp32-board2","ds18b20-1","temperature","C","24.0","2026-07-12T04:42:29.713214+00:00"
"hivewatch-esp32-board2","202607120447295534817-89470de2c42a42a383d899cc41d5a791","2026-07-12T04:47:29.643424+00:00","hivewatch-esp32-board2","ds18b20-1","temperature","C","24.0","2026-07-12T04:47:29.553481+00:00"
"hivewatch-esp32-board2","202607120452305510409-9607823963d8420f8919e8d2781c5b1f","2026-07-12T04:52:30.660721+00:00","hivewatch-esp32-board2","ds18b20-1","temperature","C","24.0","2026-07-12T04:52:30.551040+00:00"
"hivewatch-esp32-board2","202607120457306379353-a454b72cef6441df91b32003849228d4","2026-07-12T04:57:30.733918+00:00","hivewatch-esp32-board2","ds18b20-1","temperature","C","24.0","2026-07-12T04:57:30.637935+00:00"
"hivewatch-esp32-board2","202607120502306097515-95e4fceb2963423191f232a5fb137685","2026-07-12T05:02:30.708423+00:00","hivewatch-esp32-board2","ds18b20-1","temperature","C","23.94","2026-07-12T05:02:30.609751+00:00"
"hivewatch-esp32-board2","202607120507314469477-73d99e201ee0435cb0687057993932b2","2026-07-12T05:07:31.571100+00:00","hivewatch-esp32-board2","ds18b20-1","temperature","C","23.94","2026-07-12T05:07:31.446947+00:00"
"hivewatch-esp32-board2","202607120512323306194-f0061b1c106744e390da5cf45eab939b","2026-07-12T05:12:32.433139+00:00","hivewatch-esp32-board2","ds18b20-1","temperature","C","23.94","2026-07-12T05:12:32.330619+00:00"
"hivewatch-esp32-board2","202607120517332319284-f5cb3aa7188046b1a108ccaee5bb0588","2026-07-12T05:17:33.325858+00:00","hivewatch-esp32-board2","ds18b20-1","temperature","C","23.94","2026-07-12T05:17:33.231928+00:00"
"hivewatch-esp32-board2","202607120522343399633-9b33ac435b044760a4ae0439d4b5e3f6","2026-07-12T05:22:34.433285+00:00","hivewatch-esp32-board2","ds18b20-1","temperature","C","23.94","2026-07-12T05:22:34.339963+00:00"
"hivewatch-esp32-board2","202607120527342520397-e42ed7dd0b4446d0a977e7d2a962922e","2026-07-12T05:27:34.356492+00:00","hivewatch-esp32-board2","ds18b20-1","temperature","C","23.94","2026-07-12T05:27:34.252039+00:00"
"hivewatch-esp32-board2","202607120532353748683-a90381ec262346078be33b6196639daa","2026-07-12T05:32:35.473317+00:00","hivewatch-esp32-board2","ds18b20-1","temperature","C","23.87","2026-07-12T05:32:35.374868+00:00"
"hivewatch-esp32-board2","202607120537354942667-f27966f614be42ffa21dae208ee14ace","2026-07-12T05:37:35.598617+00:00","hivewatch-esp32-board2","ds18b20-1","temperature","C","23.87","2026-07-12T05:37:35.494266+00:00"
"hivewatch-esp32-board2","202607120542354033183-eb3134d3bbc64f02b1290e7bcebfe35e","2026-07-12T05:42:35.506751+00:00","hivewatch-esp32-board2","ds18b20-1","temperature","C","23.87","2026-07-12T05:42:35.403318+00:00"
"hivewatch-esp32-board2","202607120547369655822-c7194be213a74e7482dedf084bd862cc","2026-07-12T05:47:37.095147+00:00","hivewatch-esp32-board2","ds18b20-1","temperature","C","23.87","2026-07-12T05:47:36.965582+00:00"
"hivewatch-esp32-board2","202607120552373970972-ea671cf5d9d342b8a17b83176998a18d","2026-07-12T05:52:37.499617+00:00","hivewatch-esp32-board2","ds18b20-1","temperature","C","23.87","2026-07-12T05:52:37.397097+00:00"
"hivewatch-esp32-board2","202607120557373570785-ad78e64df5ea4346b5b0facefcc8b0d4","2026-07-12T05:57:37.450411+00:00","hivewatch-esp32-board2","ds18b20-1","temperature","C","23.87","2026-07-12T05:57:37.357078+00:00"
"hivewatch-esp32-board2","202607120602386312293-94ca3362614f496db324b5b6add49e83","2026-07-12T06:02:38.746130+00:00","hivewatch-esp32-board2","ds18b20-1","temperature","C","23.81","2026-07-12T06:02:38.631229+00:00"
"hivewatch-esp32-board2","202607120607389410671-e169d87da78d465a9eea0d14d71a642a","2026-07-12T06:07:39.036454+00:00","hivewatch-esp32-board2","ds18b20-1","temperature","C","23.75","2026-07-12T06:07:38.941067+00:00"
"hivewatch-esp32-board2","202607120612404833721-de128286aafd44869f45f2351682c952","2026-07-12T06:12:40.577318+00:00","hivewatch-esp32-board2","ds18b20-1","temperature","C","23.75","2026-07-12T06:12:40.483372+00:00"
"hivewatch-esp32-board2","202607120617396223310-dd85ecbe15e5481bab45b59733845ce0","2026-07-12T06:17:39.725183+00:00","hivewatch-esp32-board2","ds18b20-1","temperature","C","23.69","2026-07-12T06:17:39.622331+00:00"
"hivewatch-esp32-board2","202607120622397785464-7316dab8449e48f281378feead9cb7ed","2026-07-12T06:22:39.889324+00:00","hivewatch-esp32-board2","ds18b20-1","temperature","C","23.62","2026-07-12T06:22:39.778546+00:00"
"hivewatch-esp32-board2","202607120627407772215-78244a75fe3b4583aaee4a0552c85c5c","2026-07-12T06:27:40.890238+00:00","hivewatch-esp32-board2","ds18b20-1","temperature","C","23.56","2026-07-12T06:27:40.777221+00:00"
"hivewatch-esp32-board2","202607120632399832803-b8faf54cb6104aadbedeff1d4e359d62","2026-07-12T06:32:40.078016+00:00","hivewatch-esp32-board2","ds18b20-1","temperature","C","23.56","2026-07-12T06:32:39.983280+00:00"
"hivewatch-esp32-board2","202607120637401868239-15b04516d3f3429b9dcfd7246627d067","2026-07-12T06:37:40.282470+00:00","hivewatch-esp32-board2","ds18b20-1","temperature","C","23.5","2026-07-12T06:37:40.186823+00:00"
"hivewatch-esp32-board2","202607120642406854362-9fc179155cba4a7d8b986903d277a11b","2026-07-12T06:42:40.777009+00:00","hivewatch-esp32-board2","ds18b20-1","temperature","C","23.5","2026-07-12T06:42:40.685436+00:00"
"hivewatch-esp32-board2","202607120647409236901-327cf76c7d774050bebe3eac0dbcfc6c","2026-07-12T06:47:41.030095+00:00","hivewatch-esp32-board2","ds18b20-1","temperature","C","23.44","2026-07-12T06:47:40.923690+00:00"
"hivewatch-esp32-board2","202607120652411646045-a7e0e5f54f4d4f8fae988b13b64d0d07","2026-07-12T06:52:41.269931+00:00","hivewatch-esp32-board2","ds18b20-1","temperature","C","23.38","2026-07-12T06:52:41.164604+00:00"
"hivewatch-esp32-board2","202607120657413756468-36f76a503cbc4a8a91ec6e60fb4cf4a1","2026-07-12T06:57:41.476008+00:00","hivewatch-esp32-board2","ds18b20-1","temperature","C","23.31","2026-07-12T06:57:41.375646+00:00"
"hivewatch-esp32-board2","202607120702419298698-9078bc96e629430c89ecc1a590891d58","2026-07-12T07:02:42.030117+00:00","hivewatch-esp32-board2","ds18b20-1","temperature","C","23.25","2026-07-12T07:02:41.929869+00:00"
"hivewatch-esp32-board2","202607120707418420405-d5cbd3ab64324f5884632cd5fd3cc5d0","2026-07-12T07:07:41.935974+00:00","hivewatch-esp32-board2","ds18b20-1","temperature","C","23.25","2026-07-12T07:07:41.842040+00:00"
"hivewatch-esp32-board2","202607120712429527383-d5c7dfab75cf4784b79cd9e65846efb3","2026-07-12T07:12:43.060733+00:00","hivewatch-esp32-board2","ds18b20-1","temperature","C","23.25","2026-07-12T07:12:42.952738+00:00"
"hivewatch-esp32-board2","202607120717432451179-12e8f8449d1c4bb19951c72bb9c3d097","2026-07-12T07:17:43.341432+00:00","hivewatch-esp32-board2","ds18b20-1","temperature","C","23.25","2026-07-12T07:17:43.245117+00:00"
"hivewatch-esp32-board2","202607120722432473450-f410fc9a38f54605bcbbefa65ce49876","2026-07-12T07:22:43.349687+00:00","hivewatch-esp32-board2","ds18b20-1","temperature","C","23.31","2026-07-12T07:22:43.247345+00:00"
"hivewatch-esp32-board2","202607120727432462217-119b288b2ab744fea89c7e6d5609ee19","2026-07-12T07:27:43.336872+00:00","hivewatch-esp32-board2","ds18b20-1","temperature","C","23.38","2026-07-12T07:27:43.246221+00:00"
"hivewatch-esp32-board2","202607120732447662380-318f55e51cf84e949d1d6763bb0bba0f","2026-07-12T07:32:44.868346+00:00","hivewatch-esp32-board2","ds18b20-1","temperature","C","23.38","2026-07-12T07:32:44.766238+00:00"
"hivewatch-esp32-board2","202607120737449159190-e238508c29794fbfa8a6ad2f0485b5c3","2026-07-12T07:37:45.013819+00:00","hivewatch-esp32-board2","ds18b20-1","temperature","C","23.44","2026-07-12T07:37:44.915919+00:00"
"hivewatch-esp32-board2","202607120742448940342-963ea54675984fe2828a2fa9c8882c4b","2026-07-12T07:42:44.995713+00:00","hivewatch-esp32-board2","ds18b20-1","temperature","C","23.44","2026-07-12T07:42:44.894034+00:00"
"hivewatch-esp32-board2","202607120747462658468-09a64d6259da4c9aa0540efbdbe1f76f","2026-07-12T07:47:46.368093+00:00","hivewatch-esp32-board2","ds18b20-1","temperature","C","23.5","2026-07-12T07:47:46.265846+00:00"
"hivewatch-esp32-board2","202607120752463406687-925373b0552141a68b5e336bd2771aea","2026-07-12T07:52:46.442365+00:00","hivewatch-esp32-board2","ds18b20-1","temperature","C","23.56","2026-07-12T07:52:46.340668+00:00"
"hivewatch-esp32-board2","202607120757463970765-94b277e2bf584660bdc399bedf7a9acf","2026-07-12T07:57:46.502169+00:00","hivewatch-esp32-board2","ds18b20-1","temperature","C","23.56","2026-07-12T07:57:46.397076+00:00"
"hivewatch-esp32-board2","202607120802463745218-2192947741bc46c88867acff98016d46","2026-07-12T08:02:46.477436+00:00","hivewatch-esp32-board2","ds18b20-1","temperature","C","23.62","2026-07-12T08:02:46.374521+00:00"
"hivewatch-esp32-board2","202607120807474666636-2e32a1fd6a9b4275aa14fabd72b6c866","2026-07-12T08:07:47.557110+00:00","hivewatch-esp32-board2","ds18b20-1","temperature","C","23.69","2026-07-12T08:07:47.466663+00:00"
"hivewatch-esp32-board2","202607120812474089623-c4c25ea0fbb84de6b96d816d2fc95297","2026-07-12T08:12:47.521416+00:00","hivewatch-esp32-board2","ds18b20-1","temperature","C","23.69","2026-07-12T08:12:47.408962+00:00"
"hivewatch-esp32-board2","202607120817474890948-7a958dd65f1a4034a99383ca09a745c3","2026-07-12T08:17:47.591492+00:00","hivewatch-esp32-board2","ds18b20-1","temperature","C","23.69","2026-07-12T08:17:47.489094+00:00"
"hivewatch-esp32-board2","202607120822474113623-b468e7b0076c4d66802f53f59858c379","2026-07-12T08:22:47.510954+00:00","hivewatch-esp32-board2","ds18b20-1","temperature","C","23.69","2026-07-12T08:22:47.411362+00:00"
"hivewatch-esp32-board2","202607120827484538746-b68bc6da1a724cdfbdb7afd26f75522b","2026-07-12T08:27:48.580221+00:00","hivewatch-esp32-board2","ds18b20-1","temperature","C","23.69","2026-07-12T08:27:48.453874+00:00"
"hivewatch-esp32-board2","202607120832485337656-e45e437126a14e6dbe2a8fc9c3b4c8ea","2026-07-12T08:32:48.644975+00:00","hivewatch-esp32-board2","ds18b20-1","temperature","C","23.75","2026-07-12T08:32:48.533765+00:00"
"hivewatch-esp32-board2","202607120842497416506-bc2e1f76982944b5b4e42b3a32e88092","2026-07-12T08:42:49.845090+00:00","hivewatch-esp32-board2","ds18b20-1","temperature","C","23.75","2026-07-12T08:42:49.741650+00:00"
"hivewatch-esp32-board2","202607120847495347869-310722237c544c0db14187164bbbf8cd","2026-07-12T08:47:49.634095+00:00","hivewatch-esp32-board2","ds18b20-1","temperature","C","23.81","2026-07-12T08:47:49.534786+00:00"
"hivewatch-esp32-board2","202607120852503091547-af24f430e55e43629ce54489749a6e7b","2026-07-12T08:52:50.422478+00:00","hivewatch-esp32-board2","ds18b20-1","temperature","C","23.87","2026-07-12T08:52:50.309154+00:00"
"hivewatch-esp32-board2","202607120857513119806-888225da3a7342f98457bec86d6e7527","2026-07-12T08:57:51.437923+00:00","hivewatch-esp32-board2","ds18b20-1","temperature","C","23.87","2026-07-12T08:57:51.311980+00:00"
"hivewatch-esp32-board2","202607120902512426879-b59d397699174ae398e41cd50e4f51fd","2026-07-12T09:02:51.340801+00:00","hivewatch-esp32-board2","ds18b20-1","temperature","C","23.94","2026-07-12T09:02:51.242687+00:00"
"hivewatch-esp32-board2","202607120907513177925-9bf8f1ff35964117b15f8eb1724b5452","2026-07-12T09:07:51.417833+00:00","hivewatch-esp32-board2","ds18b20-1","temperature","C","23.94","2026-07-12T09:07:51.317792+00:00"
"hivewatch-esp32-board2","202607120912521183753-ebb711bda6824e699974ab8a826862de","2026-07-12T09:12:52.220832+00:00","hivewatch-esp32-board2","ds18b20-1","temperature","C","24.0","2026-07-12T09:12:52.118375+00:00"
"hivewatch-esp32-board2","202607120917529217079-b890fce6550e47a7969f2f5824478430","2026-07-12T09:17:53.013786+00:00","hivewatch-esp32-board2","ds18b20-1","temperature","C","24.0","2026-07-12T09:17:52.921707+00:00"
"hivewatch-esp32-board2","202607120922536567394-cef02c2b7b5e4ae19ef0fb4491ac5eee","2026-07-12T09:22:53.762365+00:00","hivewatch-esp32-board2","ds18b20-1","temperature","C","24.0","2026-07-12T09:22:53.656739+00:00"
"hivewatch-esp32-board2","202607120927554675389-ffdb8decceda464eb0ae924ec17203dd","2026-07-12T09:27:55.572490+00:00","hivewatch-esp32-board2","ds18b20-1","temperature","C","24.06","2026-07-12T09:27:55.467538+00:00"
"hivewatch-esp32-board2","202607120932553072555-d65fc97e610d4f5d9837cfde900fef43","2026-07-12T09:32:55.417446+00:00","hivewatch-esp32-board2","ds18b20-1","temperature","C","24.12","2026-07-12T09:32:55.307255+00:00"
"hivewatch-esp32-board2","202607120937562060976-b51482663fe747c1b83a6bfc8569585d","2026-07-12T09:37:56.311695+00:00","hivewatch-esp32-board2","ds18b20-1","temperature","C","24.12","2026-07-12T09:37:56.206097+00:00"
"hivewatch-esp32-board2","202607120942570365973-dd60e22dc9a749bc950d3abb31f147ef","2026-07-12T09:42:57.129600+00:00","hivewatch-esp32-board2","ds18b20-1","temperature","C","24.19","2026-07-12T09:42:57.036597+00:00"
"hivewatch-esp32-board2","202607120947578329007-037bfcf1f3214c39856afad09d7e317e","2026-07-12T09:47:57.937062+00:00","hivewatch-esp32-board2","ds18b20-1","temperature","C","24.19","2026-07-12T09:47:57.832900+00:00"
"hivewatch-esp32-board2","202607120952585365318-0942048c9b52455e8fdcb458089fb3b5","2026-07-12T09:52:58.654569+00:00","hivewatch-esp32-board2","ds18b20-1","temperature","C","24.25","2026-07-12T09:52:58.536531+00:00"
"hivewatch-esp32-board2","202607121008000289937-c7bdc97052184bf1895086ad26599288","2026-07-12T10:08:00.136408+00:00","hivewatch-esp32-board2","ds18b20-1","temperature","C","24.37","2026-07-12T10:08:00.028993+00:00"
"hivewatch-esp32-board2","202607121012599253498-32ba3d1261cc4058a9fd5255255c2fd7","2026-07-12T10:13:00.016692+00:00","hivewatch-esp32-board2","ds18b20-1","temperature","C","24.44","2026-07-12T10:12:59.925349+00:00"
"hivewatch-esp32-board2","202607121018010648986-53fd0842abac4db1b040b6de4a781579","2026-07-12T10:18:01.167299+00:00","hivewatch-esp32-board2","ds18b20-1","temperature","C","24.5","2026-07-12T10:18:01.064898+00:00"
"hivewatch-esp32-board2","202607121023011090702-6c2ac9e598e4445aa04ff44b6ddb0b9f","2026-07-12T10:23:01.213111+00:00","hivewatch-esp32-board2","ds18b20-1","temperature","C","24.56","2026-07-12T10:23:01.109070+00:00"
"hivewatch-esp32-board2","202607121028033333571-a89e53e05a6e4b848d5efc02ab656edf","2026-07-12T10:28:03.427820+00:00","hivewatch-esp32-board2","ds18b20-1","temperature","C","24.56","2026-07-12T10:28:03.333357+00:00"
"hivewatch-esp32-board2","202607121033013865165-2a780e036927498aa26fb23b33622d05","2026-07-12T10:33:01.482712+00:00","hivewatch-esp32-board2","ds18b20-1","temperature","C","24.63","2026-07-12T10:33:01.386516+00:00"
"hivewatch-esp32-board2","202607121038016705460-e31d36fd3cbf49c7961488e4bd561a8c","2026-07-12T10:38:01.794736+00:00","hivewatch-esp32-board2","ds18b20-1","temperature","C","24.69","2026-07-12T10:38:01.670546+00:00"
"hivewatch-esp32-board2","202607121043016592160-75891425320740b68543913fab3445f5","2026-07-12T10:43:01.772055+00:00","hivewatch-esp32-board2","ds18b20-1","temperature","C","24.75","2026-07-12T10:43:01.659216+00:00"
"hivewatch-esp32-board2","202607121048019320507-b69cfc52989a400280219be0714ff028","2026-07-12T10:48:02.050632+00:00","hivewatch-esp32-board2","ds18b20-1","temperature","C","24.81","2026-07-12T10:48:01.932050+00:00"
"hivewatch-esp32-board2","202607121053018931280-258c164775f140c98d4a45ac6085574a","2026-07-12T10:53:01.987161+00:00","hivewatch-esp32-board2","ds18b20-1","temperature","C","24.81","2026-07-12T10:53:01.893128+00:00"
"hivewatch-esp32-board2","202607121058052317604-18fff4373413478596f84039120daa4e","2026-07-12T10:58:05.343382+00:00","hivewatch-esp32-board2","ds18b20-1","temperature","C","24.81","2026-07-12T10:58:05.231760+00:00"
"hivewatch-esp32-board2","202607121103033321302-c1020ca7cd5e40a099a1f2cc8913dd77","2026-07-12T11:03:03.453514+00:00","hivewatch-esp32-board2","ds18b20-1","temperature","C","24.87","2026-07-12T11:03:03.332130+00:00"
"hivewatch-esp32-board2","202607121108033495320-a26edf064dc1471f803c94b2542a3a83","2026-07-12T11:08:03.460987+00:00","hivewatch-esp32-board2","ds18b20-1","temperature","C","24.94","2026-07-12T11:08:03.349532+00:00"
"hivewatch-esp32-board2","202607121113041817137-89aca9380e234defa4c22609900c1892","2026-07-12T11:13:04.278704+00:00","hivewatch-esp32-board2","ds18b20-1","temperature","C","24.94","2026-07-12T11:13:04.181713+00:00"
"hivewatch-esp32-board2","202607121118051933875-835f1fe371b34d40964686d416e5945d","2026-07-12T11:18:05.299574+00:00","hivewatch-esp32-board2","ds18b20-1","temperature","C","25.06","2026-07-12T11:18:05.193387+00:00"
"hivewatch-esp32-board2","202607121123051013334-b23b59d500884c5d86e59bf8b8aa7333","2026-07-12T11:23:05.195733+00:00","hivewatch-esp32-board2","ds18b20-1","temperature","C","25.0","2026-07-12T11:23:05.101333+00:00"
"hivewatch-esp32-board2","202607121128058663232-fcfcc125cd3048f79341a96ff919d7be","2026-07-12T11:28:05.961637+00:00","hivewatch-esp32-board2","ds18b20-1","temperature","C","25.0","2026-07-12T11:28:05.866323+00:00"
"hivewatch-esp32-board2","202607121133066116945-eee2797fd69c4e87b84d3a926c2c669d","2026-07-12T11:33:06.721838+00:00","hivewatch-esp32-board2","ds18b20-1","temperature","C","25.0","2026-07-12T11:33:06.611694+00:00"
"hivewatch-esp32-board2","202607121138073898402-8566ac4d0c1c4ce6ab76dd6442d5ab2f","2026-07-12T11:38:07.490199+00:00","hivewatch-esp32-board2","ds18b20-1","temperature","C","25.0","2026-07-12T11:38:07.389840+00:00"
"hivewatch-esp32-board2","202607121143083178964-1557f3374c054470a97e8f4429dd6149","2026-07-12T11:43:08.413421+00:00","hivewatch-esp32-board2","ds18b20-1","temperature","C","25.06","2026-07-12T11:43:08.317896+00:00"
"hivewatch-esp32-board2","202607121148096678748-46992a75ec43443b85b492416b5189de","2026-07-12T11:48:09.775595+00:00","hivewatch-esp32-board2","ds18b20-1","temperature","C","25.06","2026-07-12T11:48:09.667874+00:00"
"hivewatch-esp32-board2","202607121153095430770-d902486005d147e784e772c638adb7a1","2026-07-12T11:53:09.643398+00:00","hivewatch-esp32-board2","ds18b20-1","temperature","C","25.12","2026-07-12T11:53:09.543077+00:00"
"hivewatch-esp32-board2","202607121158137570362-99fc30d5ef5a4f0d8aae3c6c7d7b9cae","2026-07-12T11:58:13.884418+00:00","hivewatch-esp32-board2","ds18b20-1","temperature","C","25.19","2026-07-12T11:58:13.757036+00:00"
"hivewatch-esp32-board2","202607121203109300633-9289c241736046e68add6677cbee4199","2026-07-12T12:03:11.026440+00:00","hivewatch-esp32-board2","ds18b20-1","temperature","C","25.25","2026-07-12T12:03:10.930063+00:00"
"hivewatch-esp32-board2","202607121208107663220-8ecfdbd7d8ae419994f08a87192c4d95","2026-07-12T12:08:10.872203+00:00","hivewatch-esp32-board2","ds18b20-1","temperature","C","25.31","2026-07-12T12:08:10.766322+00:00"
"hivewatch-esp32-board2","202607121213117666093-26f73ea71a174aabb82db4d9b8a099d0","2026-07-12T12:13:11.868932+00:00","hivewatch-esp32-board2","ds18b20-1","temperature","C","25.37","2026-07-12T12:13:11.766609+00:00"
"hivewatch-esp32-board2","202607121218118418239-dc7859c3e60a451da93ab931c58133f8","2026-07-12T12:18:11.950490+00:00","hivewatch-esp32-board2","ds18b20-1","temperature","C","25.37","2026-07-12T12:18:11.841823+00:00"
"hivewatch-esp32-board2","202607121223117535460-b69a1b0327714143a5b687cf52b4d317","2026-07-12T12:23:11.853084+00:00","hivewatch-esp32-board2","ds18b20-1","temperature","C","25.44","2026-07-12T12:23:11.753546+00:00"
"hivewatch-esp32-board2","202607121228126701864-d045e0e7259d4fea84acc50c6ec2d641","2026-07-12T12:28:12.769188+00:00","hivewatch-esp32-board2","ds18b20-1","temperature","C","25.5","2026-07-12T12:28:12.670186+00:00"
"hivewatch-esp32-board2","202607121233133986598-60e29f3892d0405ca93319d2dc7e3930","2026-07-12T12:33:13.493157+00:00","hivewatch-esp32-board2","ds18b20-1","temperature","C","25.44","2026-07-12T12:33:13.398659+00:00"
"hivewatch-esp32-board2","202607121238142626835-82458701c7814522b5eb0190da28ffd6","2026-07-12T12:38:14.358557+00:00","hivewatch-esp32-board2","ds18b20-1","temperature","C","25.44","2026-07-12T12:38:14.262683+00:00"
"hivewatch-esp32-board2","202607121243151154879-6ded6c9ed9c54ffc99a3b46113a20dcb","2026-07-12T12:43:15.202823+00:00","hivewatch-esp32-board2","ds18b20-1","temperature","C","25.44","2026-07-12T12:43:15.115487+00:00"
"hivewatch-esp32-board2","202607121248164676498-eea8fe8f0ed14515b9d527324dddd741","2026-07-12T12:48:16.566195+00:00","hivewatch-esp32-board2","ds18b20-1","temperature","C","25.5","2026-07-12T12:48:16.467649+00:00"
"hivewatch-esp32-board2","202607121253164838711-8a1ddd041b9645c9af410d12b431b2aa","2026-07-12T12:53:16.591793+00:00","hivewatch-esp32-board2","ds18b20-1","temperature","C","25.5","2026-07-12T12:53:16.483871+00:00"
"hivewatch-esp32-board2","202607121258162875341-217ed477210b45c79aeb93e6afe12adb","2026-07-12T12:58:16.400484+00:00","hivewatch-esp32-board2","ds18b20-1","temperature","C","25.5","2026-07-12T12:58:16.287534+00:00"
"hivewatch-esp32-board2","202607121303170666505-56e248d1bbea4f43862863c57aece8f9","2026-07-12T13:03:17.171497+00:00","hivewatch-esp32-board2","ds18b20-1","temperature","C","25.5","2026-07-12T13:03:17.066650+00:00"
"hivewatch-esp32-board2","202607121308178771504-3def978e6f604f6aab3856efbcb47e1b","2026-07-12T13:08:17.969178+00:00","hivewatch-esp32-board2","ds18b20-1","temperature","C","25.5","2026-07-12T13:08:17.877150+00:00"
"hivewatch-esp32-board2","202607121313186106350-69f62a3ec97a4afc88672e0c55b37b0b","2026-07-12T13:13:18.703673+00:00","hivewatch-esp32-board2","ds18b20-1","temperature","C","25.56","2026-07-12T13:13:18.610635+00:00"
"hivewatch-esp32-board2","202607121318193327399-f576149f85124f598dc601a774e4422d","2026-07-12T13:18:19.418926+00:00","hivewatch-esp32-board2","ds18b20-1","temperature","C","25.56","2026-07-12T13:18:19.332739+00:00"
"hivewatch-esp32-board2","202607121323202475163-d648632f4826420fa1a5f7660e9c6f35","2026-07-12T13:23:20.345236+00:00","hivewatch-esp32-board2","ds18b20-1","temperature","C","25.56","2026-07-12T13:23:20.247516+00:00"
"hivewatch-esp32-board2","202607121328210146270-0b59caeb0dad43ab9848e4d96abf3aa8","2026-07-12T13:28:21.107607+00:00","hivewatch-esp32-board2","ds18b20-1","temperature","C","25.56","2026-07-12T13:28:21.014627+00:00"
"hivewatch-esp32-board2","202607121333218393503-c297f246141041c1bc514c9d78b335dc","2026-07-12T13:33:21.945397+00:00","hivewatch-esp32-board2","ds18b20-1","temperature","C","25.56","2026-07-12T13:33:21.839350+00:00"
"hivewatch-esp32-board2","202607121338227647210-aae97aa37d474c39974c0ca7dd0b2510","2026-07-12T13:38:22.869802+00:00","hivewatch-esp32-board2","ds18b20-1","temperature","C","25.56","2026-07-12T13:38:22.764721+00:00"
"hivewatch-esp32-board2","202607121343235625055-c7af5f9990fe45738170fe7d596cf69f","2026-07-12T13:43:23.647540+00:00","hivewatch-esp32-board2","ds18b20-1","temperature","C","25.62","2026-07-12T13:43:23.562505+00:00"
"hivewatch-esp32-board2","202607121348231652680-b87252e9939e47a2ad2dc41bd6c9a9fc","2026-07-12T13:48:23.184149+00:00","hivewatch-esp32-board2","ds18b20-1","temperature","C","25.62","2026-07-12T13:48:23.165268+00:00"
"hivewatch-esp32-board2","202607121353248393037-f3679460f891470687d33073abf867f9","2026-07-12T13:53:24.935027+00:00","hivewatch-esp32-board2","ds18b20-1","temperature","C","25.69","2026-07-12T13:53:24.839303+00:00"
"hivewatch-esp32-board2","202607121358255597326-b3d2559d8a954ff396224448cac3fbeb","2026-07-12T13:58:25.653749+00:00","hivewatch-esp32-board2","ds18b20-1","temperature","C","25.69","2026-07-12T13:58:25.559732+00:00"
"hivewatch-esp32-board2","202607121403264076400-b815be6c5dfa4dc18e95b78ee329877a","2026-07-12T14:03:26.503901+00:00","hivewatch-esp32-board2","ds18b20-1","temperature","C","25.69","2026-07-12T14:03:26.407640+00:00"
"hivewatch-esp32-board2","202607121408272066653-1954c0fe92d444b5a8099a4a712ae23f","2026-07-12T14:08:27.317564+00:00","hivewatch-esp32-board2","ds18b20-1","temperature","C","25.69","2026-07-12T14:08:27.206665+00:00"
"hivewatch-esp32-board2","202607121413279690292-3115eeddd8e547cab48fcb24cfcd6779","2026-07-12T14:13:28.069403+00:00","hivewatch-esp32-board2","ds18b20-1","temperature","C","25.69","2026-07-12T14:13:27.969029+00:00"
"hivewatch-esp32-board2","202607121418288720843-50ef1522495345a28b683481ab1d08a8","2026-07-12T14:18:28.982100+00:00","hivewatch-esp32-board2","ds18b20-1","temperature","C","25.69","2026-07-12T14:18:28.872084+00:00"
"hivewatch-esp32-board2","202607121423296964893-e83ec4b826bd49cfa87bf73695464fcf","2026-07-12T14:23:29.795647+00:00","hivewatch-esp32-board2","ds18b20-1","temperature","C","25.69","2026-07-12T14:23:29.696489+00:00"
"hivewatch-esp32-board2","202607121428307025960-25d5d94f6ca74598a9cb8df752704339","2026-07-12T14:28:30.811215+00:00","hivewatch-esp32-board2","ds18b20-1","temperature","C","25.75","2026-07-12T14:28:30.702596+00:00"
"hivewatch-esp32-board2","202607121433305422234-46ea32b2ed7a40acad9723983353946f","2026-07-12T14:33:30.668898+00:00","hivewatch-esp32-board2","ds18b20-1","temperature","C","25.75","2026-07-12T14:33:30.542223+00:00"
"hivewatch-esp32-board2","202607121438313629410-1da2aa8a4eee43dd97f330001a0d34be","2026-07-12T14:38:31.463570+00:00","hivewatch-esp32-board2","ds18b20-1","temperature","C","25.69","2026-07-12T14:38:31.362941+00:00"
"hivewatch-esp32-board2","202607121443322080139-f7587969a5fc424aa06dd046e95782f8","2026-07-12T14:43:32.304588+00:00","hivewatch-esp32-board2","ds18b20-1","temperature","C","25.75","2026-07-12T14:43:32.208013+00:00"
"hivewatch-esp32-board2","202607121449183224798-3f7273a53ed940ec967058e42979b7ae","2026-07-12T14:49:18.418412+00:00","hivewatch-esp32-board2","ds18b20-1","temperature","C","25.75","2026-07-12T14:49:18.322479+00:00"
"hivewatch-esp32-board2","202607121453331857215-41042b8f150f4e3398dd049a439e37ed","2026-07-12T14:53:33.293059+00:00","hivewatch-esp32-board2","ds18b20-1","temperature","C","25.81","2026-07-12T14:53:33.185721+00:00"
"hivewatch-esp32-board2","202607121458342232953-8ed2a891b47c4b4095b92115d32cfb7e","2026-07-12T14:58:34.341249+00:00","hivewatch-esp32-board2","ds18b20-1","temperature","C","25.75","2026-07-12T14:58:34.223295+00:00"
"hivewatch-esp32-board2","202607121503341488182-ba9ae5909f17481a8c6e80465b8b6939","2026-07-12T15:03:34.252455+00:00","hivewatch-esp32-board2","ds18b20-1","temperature","C","25.81","2026-07-12T15:03:34.148818+00:00"
"hivewatch-esp32-board2","202607121508351107601-d0ae4ab1a52e48ccb59905fbc64ded18","2026-07-12T15:08:35.203466+00:00","hivewatch-esp32-board2","ds18b20-1","temperature","C","25.88","2026-07-12T15:08:35.110760+00:00"
"hivewatch-esp32-board2","202607121513359329039-2660b1a9815242f7b58008ec81065d96","2026-07-12T15:13:36.034105+00:00","hivewatch-esp32-board2","ds18b20-1","temperature","C","25.88","2026-07-12T15:13:35.932903+00:00"
"hivewatch-esp32-board2","202607121518367791919-62817444cd01478e81af63a1ae3fa850","2026-07-12T15:18:36.872853+00:00","hivewatch-esp32-board2","ds18b20-1","temperature","C","25.88","2026-07-12T15:18:36.779191+00:00"
"hivewatch-esp32-board2","202607121523375530172-6e3b384cf0064656964cca55ae933846","2026-07-12T15:23:37.650532+00:00","hivewatch-esp32-board2","ds18b20-1","temperature","C","25.88","2026-07-12T15:23:37.553017+00:00"
"hivewatch-esp32-board2","202607121528384389391-0dd36cc394b44e44b667b2defe70d506","2026-07-12T15:28:38.547007+00:00","hivewatch-esp32-board2","ds18b20-1","temperature","C","25.88","2026-07-12T15:28:38.438939+00:00"
"hivewatch-esp32-board2","202607121533397968220-374ab8cb88e94d6dab8c9bc4a8d6cd08","2026-07-12T15:33:39.901683+00:00","hivewatch-esp32-board2","ds18b20-1","temperature","C","25.88","2026-07-12T15:33:39.796822+00:00"
"hivewatch-esp32-board2","202607121538401295330-619c5fa34f684538a968c53e0b9565e8","2026-07-12T15:38:40.238564+00:00","hivewatch-esp32-board2","ds18b20-1","temperature","C","25.88","2026-07-12T15:38:40.129533+00:00"
"hivewatch-esp32-board2","202607121543409586793-d6fe965521f54c78aeadcde1cd39ef9d","2026-07-12T15:43:41.072520+00:00","hivewatch-esp32-board2","ds18b20-1","temperature","C","25.88","2026-07-12T15:43:40.958679+00:00"
"hivewatch-esp32-board2","202607121548409143110-284206c6a0134131a1e8d1d4de2d9c76","2026-07-12T15:48:41.011090+00:00","hivewatch-esp32-board2","ds18b20-1","temperature","C","25.88","2026-07-12T15:48:40.914311+00:00"
"hivewatch-esp32-board2","202607121553419343694-e1a711f1e9734734854206a8c8a85e28","2026-07-12T15:53:42.031046+00:00","hivewatch-esp32-board2","ds18b20-1","temperature","C","25.88","2026-07-12T15:53:41.934369+00:00"
"hivewatch-esp32-board2","202607121558427934941-65b2ab4c402e427cb10f4c3d835724f8","2026-07-12T15:58:42.890651+00:00","hivewatch-esp32-board2","ds18b20-1","temperature","C","25.94","2026-07-12T15:58:42.793494+00:00"
"hivewatch-esp32-board2","202607121603440478778-e4c27fe8f4ab46e19e95e52c19534ffa","2026-07-12T16:03:44.161179+00:00","hivewatch-esp32-board2","ds18b20-1","temperature","C","25.88","2026-07-12T16:03:44.047877+00:00"
"hivewatch-esp32-board2","202607121608439280316-78059541f7ff451fb1f0194d4747eeb9","2026-07-12T16:08:44.042942+00:00","hivewatch-esp32-board2","ds18b20-1","temperature","C","25.88","2026-07-12T16:08:43.928031+00:00"
"hivewatch-esp32-board2","202607121613450436650-c97be52186094abdb67b139c60b9b705","2026-07-12T16:13:45.150969+00:00","hivewatch-esp32-board2","ds18b20-1","temperature","C","25.88","2026-07-12T16:13:45.043665+00:00"
"hivewatch-esp32-board2","202607121618449278797-9099ad9c608547e8b5762cdbc0a6ab41","2026-07-12T16:18:45.037563+00:00","hivewatch-esp32-board2","ds18b20-1","temperature","C","25.88","2026-07-12T16:18:44.927879+00:00"
